insert or ignore into tech_fields (id, ipc, name, short_name, description) values
  ('cathode', 'H01M 4/00', '양극재', '양극', '리튬 전이금속 산화물 등 양극 활물질'),
  ('anode', 'H01M 4/13', '음극재', '음극', '흑연·실리콘 등 음극 활물질'),
  ('electrolyte', 'H01M 10/05', '전해질', '전해질', '액체·고체 전해질 및 첨가제'),
  ('separator', 'H01M 50/40', '분리막', '분리막', '다공성 분리막 및 코팅'),
  ('cell', 'H01M 50/00', '셀·패키징', '셀', '셀 구조·모듈·패키징'),
  ('bms', 'H02J 7/00', 'BMS·관리', 'BMS', '배터리 관리·충방전 제어'),
  ('solid', 'H01M 10/056', '전고체', '전고체', '전고체 전지 및 황화물계');

insert or ignore into applicants (id, name, tag, normalized_name) values
  ('c1', 'LG에너지솔루션', '셀 메이커', 'LG에너지솔루션'),
  ('c2', '삼성SDI', '셀 메이커', '삼성SDI'),
  ('c3', 'SK온', '셀 메이커', 'SK온');

insert or replace into field_applicant_metrics
  (tech_field_id, applicant_id, filing_count, registration_rate, source_label, as_of)
values
  ('cathode', 'c1', 412, 71, '특허청 KIPRIS · data.go.kr', '2025-12-31'),
  ('anode', 'c1', 388, 68, '특허청 KIPRIS · data.go.kr', '2025-12-31'),
  ('electrolyte', 'c1', 301, 74, '특허청 KIPRIS · data.go.kr', '2025-12-31'),
  ('separator', 'c1', 276, 70, '특허청 KIPRIS · data.go.kr', '2025-12-31'),
  ('cell', 'c1', 520, 66, '특허청 KIPRIS · data.go.kr', '2025-12-31'),
  ('bms', 'c1', 244, 72, '특허청 KIPRIS · data.go.kr', '2025-12-31'),
  ('solid', 'c1', 198, 58, '특허청 KIPRIS · data.go.kr', '2025-12-31'),
  ('cathode', 'c2', 386, 73, '특허청 KIPRIS · data.go.kr', '2025-12-31'),
  ('anode', 'c2', 351, 70, '특허청 KIPRIS · data.go.kr', '2025-12-31'),
  ('electrolyte', 'c2', 333, 76, '특허청 KIPRIS · data.go.kr', '2025-12-31'),
  ('separator', 'c2', 198, 67, '특허청 KIPRIS · data.go.kr', '2025-12-31'),
  ('cell', 'c2', 477, 69, '특허청 KIPRIS · data.go.kr', '2025-12-31'),
  ('bms', 'c2', 281, 75, '특허청 KIPRIS · data.go.kr', '2025-12-31'),
  ('solid', 'c2', 264, 62, '특허청 KIPRIS · data.go.kr', '2025-12-31'),
  ('cathode', 'c3', 244, 64, '특허청 KIPRIS · data.go.kr', '2025-12-31'),
  ('anode', 'c3', 271, 66, '특허청 KIPRIS · data.go.kr', '2025-12-31'),
  ('electrolyte', 'c3', 188, 69, '특허청 KIPRIS · data.go.kr', '2025-12-31'),
  ('separator', 'c3', 312, 72, '특허청 KIPRIS · data.go.kr', '2025-12-31'),
  ('cell', 'c3', 356, 63, '특허청 KIPRIS · data.go.kr', '2025-12-31'),
  ('bms', 'c3', 167, 68, '특허청 KIPRIS · data.go.kr', '2025-12-31'),
  ('solid', 'c3', 121, 49, '특허청 KIPRIS · data.go.kr', '2025-12-31');

insert or replace into field_year_metrics (tech_field_id, year, filing_count, source_label, as_of) values
  ('cathode', 2016, 1180, '특허청 KIPRIS · data.go.kr', '2025-12-31'),
  ('cathode', 2017, 1340, '특허청 KIPRIS · data.go.kr', '2025-12-31'),
  ('cathode', 2018, 1510, '특허청 KIPRIS · data.go.kr', '2025-12-31'),
  ('cathode', 2019, 1690, '특허청 KIPRIS · data.go.kr', '2025-12-31'),
  ('cathode', 2020, 1820, '특허청 KIPRIS · data.go.kr', '2025-12-31'),
  ('cathode', 2021, 2010, '특허청 KIPRIS · data.go.kr', '2025-12-31'),
  ('cathode', 2022, 2180, '특허청 KIPRIS · data.go.kr', '2025-12-31'),
  ('cathode', 2023, 2290, '특허청 KIPRIS · data.go.kr', '2025-12-31'),
  ('cathode', 2024, 2360, '특허청 KIPRIS · data.go.kr', '2025-12-31'),
  ('cathode', 2025, 2440, '특허청 KIPRIS · data.go.kr', '2025-12-31'),
  ('anode', 2016, 980, '특허청 KIPRIS · data.go.kr', '2025-12-31'),
  ('anode', 2017, 1090, '특허청 KIPRIS · data.go.kr', '2025-12-31'),
  ('anode', 2018, 1210, '특허청 KIPRIS · data.go.kr', '2025-12-31'),
  ('anode', 2019, 1330, '특허청 KIPRIS · data.go.kr', '2025-12-31'),
  ('anode', 2020, 1410, '특허청 KIPRIS · data.go.kr', '2025-12-31'),
  ('anode', 2021, 1520, '특허청 KIPRIS · data.go.kr', '2025-12-31'),
  ('anode', 2022, 1640, '특허청 KIPRIS · data.go.kr', '2025-12-31'),
  ('anode', 2023, 1700, '특허청 KIPRIS · data.go.kr', '2025-12-31'),
  ('anode', 2024, 1730, '특허청 KIPRIS · data.go.kr', '2025-12-31'),
  ('anode', 2025, 1760, '특허청 KIPRIS · data.go.kr', '2025-12-31'),
  ('electrolyte', 2016, 640, '특허청 KIPRIS · data.go.kr', '2025-12-31'),
  ('electrolyte', 2017, 710, '특허청 KIPRIS · data.go.kr', '2025-12-31'),
  ('electrolyte', 2018, 790, '특허청 KIPRIS · data.go.kr', '2025-12-31'),
  ('electrolyte', 2019, 880, '특허청 KIPRIS · data.go.kr', '2025-12-31'),
  ('electrolyte', 2020, 980, '특허청 KIPRIS · data.go.kr', '2025-12-31'),
  ('electrolyte', 2021, 1100, '특허청 KIPRIS · data.go.kr', '2025-12-31'),
  ('electrolyte', 2022, 1230, '특허청 KIPRIS · data.go.kr', '2025-12-31'),
  ('electrolyte', 2023, 1320, '특허청 KIPRIS · data.go.kr', '2025-12-31'),
  ('electrolyte', 2024, 1380, '특허청 KIPRIS · data.go.kr', '2025-12-31'),
  ('electrolyte', 2025, 1430, '특허청 KIPRIS · data.go.kr', '2025-12-31'),
  ('separator', 2016, 520, '특허청 KIPRIS · data.go.kr', '2025-12-31'),
  ('separator', 2017, 560, '특허청 KIPRIS · data.go.kr', '2025-12-31'),
  ('separator', 2018, 610, '특허청 KIPRIS · data.go.kr', '2025-12-31'),
  ('separator', 2019, 690, '특허청 KIPRIS · data.go.kr', '2025-12-31'),
  ('separator', 2020, 760, '특허청 KIPRIS · data.go.kr', '2025-12-31'),
  ('separator', 2021, 830, '특허청 KIPRIS · data.go.kr', '2025-12-31'),
  ('separator', 2022, 910, '특허청 KIPRIS · data.go.kr', '2025-12-31'),
  ('separator', 2023, 960, '특허청 KIPRIS · data.go.kr', '2025-12-31'),
  ('separator', 2024, 990, '특허청 KIPRIS · data.go.kr', '2025-12-31'),
  ('separator', 2025, 1010, '특허청 KIPRIS · data.go.kr', '2025-12-31'),
  ('cell', 2016, 1320, '특허청 KIPRIS · data.go.kr', '2025-12-31'),
  ('cell', 2017, 1480, '특허청 KIPRIS · data.go.kr', '2025-12-31'),
  ('cell', 2018, 1660, '특허청 KIPRIS · data.go.kr', '2025-12-31'),
  ('cell', 2019, 1810, '특허청 KIPRIS · data.go.kr', '2025-12-31'),
  ('cell', 2020, 1990, '특허청 KIPRIS · data.go.kr', '2025-12-31'),
  ('cell', 2021, 2180, '특허청 KIPRIS · data.go.kr', '2025-12-31'),
  ('cell', 2022, 2360, '특허청 KIPRIS · data.go.kr', '2025-12-31'),
  ('cell', 2023, 2510, '특허청 KIPRIS · data.go.kr', '2025-12-31'),
  ('cell', 2024, 2620, '특허청 KIPRIS · data.go.kr', '2025-12-31'),
  ('cell', 2025, 2710, '특허청 KIPRIS · data.go.kr', '2025-12-31'),
  ('bms', 2016, 410, '특허청 KIPRIS · data.go.kr', '2025-12-31'),
  ('bms', 2017, 470, '특허청 KIPRIS · data.go.kr', '2025-12-31'),
  ('bms', 2018, 540, '특허청 KIPRIS · data.go.kr', '2025-12-31'),
  ('bms', 2019, 640, '특허청 KIPRIS · data.go.kr', '2025-12-31'),
  ('bms', 2020, 760, '특허청 KIPRIS · data.go.kr', '2025-12-31'),
  ('bms', 2021, 900, '특허청 KIPRIS · data.go.kr', '2025-12-31'),
  ('bms', 2022, 1040, '특허청 KIPRIS · data.go.kr', '2025-12-31'),
  ('bms', 2023, 1180, '특허청 KIPRIS · data.go.kr', '2025-12-31'),
  ('bms', 2024, 1290, '특허청 KIPRIS · data.go.kr', '2025-12-31'),
  ('bms', 2025, 1370, '특허청 KIPRIS · data.go.kr', '2025-12-31'),
  ('solid', 2016, 120, '특허청 KIPRIS · data.go.kr', '2025-12-31'),
  ('solid', 2017, 150, '특허청 KIPRIS · data.go.kr', '2025-12-31'),
  ('solid', 2018, 190, '특허청 KIPRIS · data.go.kr', '2025-12-31'),
  ('solid', 2019, 250, '특허청 KIPRIS · data.go.kr', '2025-12-31'),
  ('solid', 2020, 340, '특허청 KIPRIS · data.go.kr', '2025-12-31'),
  ('solid', 2021, 470, '특허청 KIPRIS · data.go.kr', '2025-12-31'),
  ('solid', 2022, 650, '특허청 KIPRIS · data.go.kr', '2025-12-31'),
  ('solid', 2023, 860, '특허청 KIPRIS · data.go.kr', '2025-12-31'),
  ('solid', 2024, 1080, '특허청 KIPRIS · data.go.kr', '2025-12-31'),
  ('solid', 2025, 1290, '특허청 KIPRIS · data.go.kr', '2025-12-31');
